Product,Total_Revenue,Average_Order_Value,Total_Units_Sold,Transaction_Count
Chair,195620.11,1098.9893820224718,562,178
Printer,195612.61000000002,1080.7326519337018,542,181
Laptop,192126.56,1110.5581502890172,535,173
Tablet,186568.95,1042.2846368715084,497,179
Monitor,175651.41,1077.6160122699387,480,163
Desk,167459.93,985.0584117647059,508,170
Phone,151722.39,972.5794230769231,411,156
